{
    "Conditions": {
		"ConditionLabels": ["1. Face; Older Woman & Original Geo Checkerboard; Baby's Left", "2. Face; Older Woman & New Geo Checkerboard; Baby's Right", "3. Face; Young Girl & Original Geo Cross; Baby's Right", "4. Face; Young Girl & New Geo Cross; Baby's Left", "5. Geo; Older Woman & Original Geo Checkerboard; Baby's Left", "6. Geo; Older Woman & New Geo Checkerboard; Baby's Right", "7. Geo; Young Girl & Original Geo Cross; Baby's Right", "8. Geo; Young Girl & New Geo Cross; Baby's Left"],
		"ConditionConfigurationFiles": ["Condition1TaskConfiguration.json", "Condition2TaskConfiguration.json", "Condition3TaskConfiguration.json", "Condition4TaskConfiguration.json", "Condition5TaskConfiguration.json", "Condition6TaskConfiguration.json", "Condition7TaskConfiguration.json", "Condition8TaskConfiguration.json"]
	}
	"Places": {
		"PlaceLabels": ["1. Block 1, Hab", "2. Block 1, Test 1", "3. Block 1, Test 2", "4. Block 2, Hab", "5. Block 2, Test 1", "6. Block 2, Test 2"],
		"PlaceStateIndicies": [0, 33, 37, 41, 74, 78]
	}