{
    "Task": {
        "Interfaces": [
            {
                "InterfaceType": "Keyboard",
                "KeyMap": [
                    [
                        "up",
                        "down",
                        "left",
                        "right",
                        "space"
                    ],
                    [
                        "up",
                        "down",
                        "left",
                        "right",
                        "pause"
                    ]
                ]
            },
            {
                "InterfaceType": "XBoxController",
                "KeyMap": [
                    ["a", "b", "x", "y", "left bumper", "right bumper", "back", "start", "left stick", "right stick"],
                    ["down","right","left","up","left","right","back","start","left","right"]
                ]
            },
            {
                "InterfaceType": "TCP",
                "KeyMap": [
                    ["u","d","l","r","tcpContinue"],
                    ["up","down","left","right","tcpContinue"]
                ],
				"Port": 11235
            }
        ],
        "InterfaceMaster": "Keyboard",
        "GlobalPauseEnabled": "true",
		"BackgroundColor": "0000aa",
        "TaskProcedure": [
            {
                "ConditionalEvent": {
                    "EndConditions": [
                        {
                            "ConditionType": "Timeout",
                            "Duration": 30
                        },
                        {
                            "ConditionType": "InputCommand",
                            "CommandName": "up",
                            "Duration": 0
                        }
                    ],
                    "State": [
                        {
                            "StateType": "DisplayImage",
                            "File": "C:\\\\Users\\Kevin\\Desktop\\test1.png",
                            "X": 0,
                            "Y": 0,
                            "Width": 10,
                            "Height": 10
                        },
                        {
                            "StateType": "DisplayImage",
                            "File": "C:\\\\Users\\Kevin\\Desktop\\test2.png",
                            "X": 10,
                            "Y": 10,
                            "Width": 10,
                            "Height": 10
                        },
                        {
                            "StateType": "DisplayImage",
                            "File": "C:\\\\Users\\Kevin\\Desktop\\test3.png",
                            "X": 300,
                            "Y": 300,
                            "Width": 400,
                            "Height": 400
                        },
                        {
                            "StateType": "PlaySound",
                            "File": "C:\\\\Users\\Kevin\\Desktop\\test1.wav",
                            "Loop": "false"
                        },
						{
							"StateType": "MultiImageAnimation",
							"Files": ["C:\\\\Users\\Kevin\\Desktop\\test4.png", "C:\\\\Users\\Kevin\\Desktop\\test5.png"],
							"X": 400,
							"Y": 400,
							"Width": 100,
							"Height": 100,
							"TimePerImage": 0.25,
							"Loop": true
						}
                    ]
                }
            },
            {
                "ConditionalEvent": {
					"TransitionToIndex": 0,
                    "EndConditions": [
                        {
                            "ConditionType": "InputCommand",
                            "CommandName": "down",
                            "Duration": 5
                        },
						{
                            "ConditionType": "InputCommand",
                            "CommandName": "pause",
                            "Duration": 3
                        },
						{
							"ConditionType": "InputCommand",
                            "CommandName": "tcpContinue",
                            "Duration": 0
						}
                    ],
                    "State": [
                        {
                            "StateType": "DisplayImage",
                            "File": "C:\\\\Users\\Kevin\\Desktop\\test4.png",
                            "X": 100,
                            "Y": 100,
                            "Width": 200,
                            "Height": 200
                        },
                        {
                            "StateType": "DisplayImage",
                            "File": "C:\\\\Users\\Kevin\\Desktop\\test5.png",
                            "X": 500,
                            "Y": 100,
                            "Width": 200,
                            "Height": 200
                        },
                        {
                            "StateType": "DisplayImage",
                            "File": "C:\\\\Users\\Kevin\\Desktop\\test6.png",
                            "X": 250,
                            "Y": 500,
                            "Width": 200,
                            "Height": 200
                        },
                        {
                            "StateType": "PlaySound",
                            "File": "C:\\\\Users\\Kevin\\Desktop\\test2.wav",
                            "Loop": "true"
                        }
                    ]
                }
            }
        ]
    }
}