{  
  "Task":{  
    "Interfaces":[  
      {  
        "InterfaceType":"Keyboard",
        "KeyMap":[  
          [  
            "up",
            "down",
            "left",
            "right",
            "space"
          ],
          [  
            "up",
            "down",
            "left",
            "right",
            "pause"
          ]
        ]
      },
      {  
        "InterfaceType":"XBoxController",
        "KeyMap":[  
          [  
            "a",
            "b",
            "x",
            "y",
            "left bumper",
            "right bumper",
            "back",
            "start",
            "left stick",
            "right stick"
          ],
          [  
            "down",
            "right",
            "left",
            "up",
            "left",
            "right",
            "back",
            "start",
            "left",
            "right"
          ]
        ]
      },
      {  
        "InterfaceType":"TCP",
        "KeyMap":[  
          [  
            "u",
            "d",
            "l",
            "r",
            "tcpContinue"
          ],
          [  
            "up",
            "down",
            "left",
            "right",
            "tcpContinue"
          ]
        ],
        "Port":11235
      }
    ],
    "InterfaceMaster":"Keyboard",
    "GlobalPauseEnabled":"true",
    "MaximumAllowablePauseTime":180,
    "BackgroundColor":"00003a",
    "TaskProcedure":[  
      {  
        "_comment":"Calibration Phase Repeated",
        "RepeatedEvent":{  
          "SubstitutionParameters":[  
            {  
              "ParameterSubstitutionString":"<left_filename_0>",
              "ParameterValues":[  
                "cross.png",
                "blank.png"
              ]
            },
            {  
              "ParameterSubstitutionString":"<right_filename_0>",
              "ParameterValues":[  
                "blank.png",
                "cross.png"
              ]
            },
            {  
              "ParameterSubstitutionString":"<left_filename_1>",
              "ParameterValues":[  
                "salmon.png",
                "blank.png"
              ]
            },
            {  
              "ParameterSubstitutionString":"<right_filename_1>",
              "ParameterValues":[  
                "blank.png",
                "salmon.png"
              ]
            },
            {  
              "ParameterSubstitutionString":"<attention_grabber_0_filename>",
              "ParameterValues":[  
                "att_image0_1.png",
                "att_image1_1.png"
              ]
            },
            {  
              "ParameterSubstitutionString":"<attention_grabber_1_filename>",
              "ParameterValues":[  
                "att_image0_2.png",
                "att_image1_2.png"
              ]
            },
            {  
              "ParameterSubstitutionString":"<audio_filename>",
              "ParameterValues":[  
                "00BabyLook.wav",
                "01Cuckoo.wav"
              ]
            },
            {  
              "ParameterSubstitutionString":"<calibration_command_direction>",
              "ParameterValues":[  
                "left",
                "right"
              ]
            },
          ],
          "ConditionalEventTemplates":[  
            {  
              "_comment":"Calibration Phase - Pre-Attention Grabber Bright Colored Box",
              "ConditionalEvent":{  
                "EndConditions":[  
                  {  
                    "ConditionType":"Timeout",
                    "Duration":1
                  }
                ],
                "State":[  
                  {  
                    "_comment":"Left",
                    "StateType":"DisplayImage",
                    "File":"C:\\Users\\admin\\AppData\\LocalLow\\iKids\\iKids_Newborn_Cognitive_Unity\\Stimuli\\blank.png",
                    "X":124,
                    "Y":64,
                    "Width":600,
                    "Height":934
                  },
                  {  
                    "_comment":"Right",
                    "StateType":"DisplayImage",
                    "File":"C:\\Users\\admin\\AppData\\LocalLow\\iKids\\iKids_Newborn_Cognitive_Unity\\Stimuli\\blank.png",
                    "X":1253,
                    "Y":67,
                    "Width":600,
                    "Height":934
                  },
                  {  
                    "_comment":"Center - Bright Colored Box",
                    "StateType":"DisplayImage",
                    "File":"C:\\Users\\admin\\AppData\\LocalLow\\iKids\\iKids_Newborn_Cognitive_Unity\\Stimuli\\B1C.png",
                    "X":799,
                    "Y":654,
                    "Width":357,
                    "Height":343
                  }
                ]
              }
            },
            {  
              "_comment":"Calibration Phase - Attention Grabber",
              "ConditionalEvent":{  
                "EndConditions":[  
                  {  
                    "ConditionType":"InputCommand",
                    "CommandNames":[  
                      "up"
                    ],
                    "Duration":2
                  }
                ],
                "State":[  
                  {  
                    "_comment":"Left",
                    "StateType":"DisplayImage",
                    "File":"C:\\Users\\admin\\AppData\\LocalLow\\iKids\\iKids_Newborn_Cognitive_Unity\\Stimuli\\blank.png",
                    "X":124,
                    "Y":64,
                    "Width":600,
                    "Height":934
                  },
                  {  
                    "_comment":"Right",
                    "StateType":"DisplayImage",
                    "File":"C:\\Users\\admin\\AppData\\LocalLow\\iKids\\iKids_Newborn_Cognitive_Unity\\Stimuli\\blank.png",
                    "X":1253,
                    "Y":67,
                    "Width":600,
                    "Height":934
                  },
                  {  
                    "_comment":"Center - Attention Grabber Image",
                    "StateType":"MultiImageAnimation",
                    "Files":[  
                      "C:\\Users\\admin\\AppData\\LocalLow\\iKids\\iKids_Newborn_Cognitive_Unity\\Stimuli\\<attention_grabber_0_filename>",
                      "C:\\Users\\admin\\AppData\\LocalLow\\iKids\\iKids_Newborn_Cognitive_Unity\\Stimuli\\<attention_grabber_1_filename>"
                    ],
                    "X":799,
                    "Y":654,
                    "Width":357,
                    "Height":343,
                    "TimePerImage":1,
                    "Loop":true
                  },
                  {  
                    "StateType":"PlaySound",
                    "File":"C:\\Users\\admin\\AppData\\LocalLow\\iKids\\iKids_Newborn_Cognitive_Unity\\Stimuli\\<audio_filename>",
                    "Loop":"true"
                  }
                ]
              }
            },
            {  
              "_comment":"Calibration Phase - Habituation Stimulus",
              "ConditionalEvent":{  
                "EndConditions":[  
                  {  
                    "ConditionType":"CumulativeInputCommand",
                    "CommandNames":[  
                      "<calibration_command_direction>"
                    ],
                    "Duration":3
                  }
                ],
                "State":[  
                  {  
                    "_comment":"Left - Attention Grabber Image",
                    "StateType":"MultiImageAnimation",
                    "Files":[  
                      "C:\\Users\\admin\\AppData\\LocalLow\\iKids\\iKids_Newborn_Cognitive_Unity\\Stimuli\\<left_filename_0>",
                      "C:\\Users\\admin\\AppData\\LocalLow\\iKids\\iKids_Newborn_Cognitive_Unity\\Stimuli\\<left_filename_1>"
                    ],
                    "X":124,
                    "Y":64,
                    "Width":600,
                    "Height":934,
                    "TimePerImage":1,
                    "Loop":true
                  },
                  {  
                    "_comment":"Right - Attention Grabber Image",
                    "StateType":"MultiImageAnimation",
                    "Files":[  
                      "C:\\Users\\admin\\AppData\\LocalLow\\iKids\\iKids_Newborn_Cognitive_Unity\\Stimuli\\<right_filename_0>",
                      "C:\\Users\\admin\\AppData\\LocalLow\\iKids\\iKids_Newborn_Cognitive_Unity\\Stimuli\\<right_filename_1>"
                    ],
                    "X":1253,
                    "Y":67,
                    "Width":600,
                    "Height":934,
                    "TimePerImage":1,
                    "Loop":true
                  },
                  {  
                    "_comment":"Center",
                    "StateType":"DisplayImage",
                    "File":"C:\\Users\\admin\\AppData\\LocalLow\\iKids\\iKids_Newborn_Cognitive_Unity\\Stimuli\\blank.png",
                    "X":799,
                    "Y":654,
                    "Width":357,
                    "Height":343
                  }
                ]
              }
            }
          ]
        }
      },
      {  
        "_comment":"Habituation Phase Repeated",
        "RepeatedEvent":{  
          "SubstitutionParameters":[  
            {  
              "ParameterSubstitutionString":"<left_filename>",
              "ParameterValues":[  
                "cross.png",
                "cross.png",
                "cross.png",
                "cross.png",
                "cross.png",
                "cross.png",
                "cross.png",
                "cross.png",
                "cross.png"
              ]
            },
            {  
              "ParameterSubstitutionString":"<right_filename>",
              "ParameterValues":[  
                "cross.png",
                "cross.png",
                "cross.png",
                "cross.png",
                "cross.png",
                "cross.png",
                "cross.png",
                "cross.png",
                "cross.png"
              ]
            },
            {  
              "ParameterSubstitutionString":"<attention_grabber_0_filename>",
              "ParameterValues":[  
                "att_image2_1.png",
                "att_image3_1.png",
                "att_image4_1.png",
                "att_image5_1.png",
                "att_image6_1.png",
                "att_image7_1.png",
                "att_image8_1.png",
                "att_image0_1.png",
                "att_image1_1.png"
              ]
            },
            {  
              "ParameterSubstitutionString":"<attention_grabber_1_filename>",
              "ParameterValues":[  
                "att_image2_2.png",
                "att_image3_2.png",
                "att_image4_2.png",
                "att_image5_2.png",
                "att_image6_2.png",
                "att_image7_2.png",
                "att_image8_2.png",
                "att_image0_2.png",
                "att_image1_2.png"
              ]
            },
            {  
              "ParameterSubstitutionString":"<audio_filename>",
              "ParameterValues":[  
                "02HeyCutie.wav",
                "03SweetiePie.wav",
                "04UpAndDown.wav",
                "05PeekAboo.wav",
                "06LookKiddo.wav",
                "07KittyCat.wav",
                "08TickTock.wav",
                "00BabyLook.wav",
                "01Cuckoo.wav"
              ]
            },
            {  
              "ParameterSubstitutionString":"<hab_phase_variable_name>",
              "ParameterValues":[  
                "habPhase0",
                "habPhase1",
                "habPhase2",
                "habPhase3",
                "habPhase4",
                "habPhase5",
                "habPhase6",
                "habPhase7",
                "habPhase8"
              ]
            },
            {  
              "ParameterSubstitutionString":"<hab_expression_condition_expression>",
              "ParameterValues":[  
                "false",
                "false",
                "false",
                "(((habPhase1+habPhase2+habPhase3)/3)<(((habPhase0+habPhase1+habPhase2)/3)/2)) or ((habPhase1<6) and (habPhase2<6) and (habPhase3<6))",
                "(((habPhase2+habPhase3+habPhase4)/3)<(((habPhase0+habPhase1+habPhase2)/3)/2)) or ((habPhase2<6) and (habPhase3<6) and (habPhase4<6))",
                "(((habPhase3+habPhase4+habPhase5)/3)<(((habPhase0+habPhase1+habPhase2)/3)/2)) or ((habPhase3<6) and (habPhase4<6) and (habPhase5<6))",
                "(((habPhase4+habPhase5+habPhase6)/3)<(((habPhase0+habPhase1+habPhase2)/3)/2)) or ((habPhase4<6) and (habPhase5<6) and (habPhase6<6))",
                "(((habPhase5+habPhase6+habPhase7)/3)<(((habPhase0+habPhase1+habPhase2)/3)/2)) or ((habPhase5<6) and (habPhase6<6) and (habPhase7<6))",
                "(((habPhase6+habPhase7+habPhase8)/3)<(((habPhase0+habPhase1+habPhase2)/3)/2)) or ((habPhase6<6) and (habPhase7<6) and (habPhase8<6))"
              ]
            }
          ],
          "ConditionalEventTemplates":[  
            {  
              "_comment":"Habituation Phase - Pre-Attention Grabber Bright Colored Box",
              "ConditionalEvent":{  
                "EndConditions":[  
                  {  
                    "ConditionType":"Timeout",
                    "Duration":1
                  },
                  {  
                    "ConditionType":"ExpressionCondition",
                    "Expression":"<hab_expression_condition_expression>",
                    "TransitionToIndex":33,
                    "NotificationText":"Habituation Aborted",
                    "_comment":"Index 33 is currently the first test trial for the first block."
                  }
                ],
                "State":[  
                  {  
                    "_comment":"Left",
                    "StateType":"DisplayImage",
                    "File":"C:\\Users\\admin\\AppData\\LocalLow\\iKids\\iKids_Newborn_Cognitive_Unity\\Stimuli\\blank.png",
                    "X":124,
                    "Y":64,
                    "Width":600,
                    "Height":934
                  },
                  {  
                    "_comment":"Right",
                    "StateType":"DisplayImage",
                    "File":"C:\\Users\\admin\\AppData\\LocalLow\\iKids\\iKids_Newborn_Cognitive_Unity\\Stimuli\\blank.png",
                    "X":1253,
                    "Y":67,
                    "Width":600,
                    "Height":934
                  },
                  {  
                    "_comment":"Center - Bright Colored Box",
                    "StateType":"DisplayImage",
                    "File":"C:\\Users\\admin\\AppData\\LocalLow\\iKids\\iKids_Newborn_Cognitive_Unity\\Stimuli\\B1H.png",
                    "X":799,
                    "Y":654,
                    "Width":357,
                    "Height":343
                  }
                ]
              }
            },
            {  
              "_comment":"Habituation Phase - Attention Grabber",
              "ConditionalEvent":{  
                "EndConditions":[  
                  {  
                    "ConditionType":"InputCommand",
                    "CommandNames":[  
                      "up"
                    ],
                    "Duration":2
                  }
                ],
                "State":[  
                  {  
                    "_comment":"Left",
                    "StateType":"DisplayImage",
                    "File":"C:\\Users\\admin\\AppData\\LocalLow\\iKids\\iKids_Newborn_Cognitive_Unity\\Stimuli\\blank.png",
                    "X":124,
                    "Y":64,
                    "Width":600,
                    "Height":934
                  },
                  {  
                    "_comment":"Right",
                    "StateType":"DisplayImage",
                    "File":"C:\\Users\\admin\\AppData\\LocalLow\\iKids\\iKids_Newborn_Cognitive_Unity\\Stimuli\\blank.png",
                    "X":1253,
                    "Y":67,
                    "Width":600,
                    "Height":934
                  },
                  {  
                    "_comment":"Center - Attention Grabber Image",
                    "StateType":"MultiImageAnimation",
                    "Files":[  
                      "C:\\Users\\admin\\AppData\\LocalLow\\iKids\\iKids_Newborn_Cognitive_Unity\\Stimuli\\<attention_grabber_0_filename>",
                      "C:\\Users\\admin\\AppData\\LocalLow\\iKids\\iKids_Newborn_Cognitive_Unity\\Stimuli\\<attention_grabber_1_filename>"
                    ],
                    "X":799,
                    "Y":654,
                    "Width":357,
                    "Height":343,
                    "TimePerImage":1,
                    "Loop":true
                  },
                  {  
                    "StateType":"PlaySound",
                    "File":"C:\\Users\\admin\\AppData\\LocalLow\\iKids\\iKids_Newborn_Cognitive_Unity\\Stimuli\\<audio_filename>",
                    "Loop":"true"
                  }
                ]
              }
            },
            {  
              "_comment":"Habituation Phase - Habituation Stimulus",
              "ConditionalEvent":{  
                "EndConditions":[  
                  {  
                    "ConditionType":"ChainCondition",
                    "Conditions":[  
                      {  
                        "ConditionType":"CumulativeInputCommand",
                        "CommandNames":[  
                          "right",
                          "left"
                        ],
                        "Duration":6
                      },
                      {  
                        "ConditionType":"InputCommand",
                        "CommandNames":[  
                          "down"
                        ],
                        "Duration":2
                      }
                    ]
                  },
                  {  
                    "ConditionType":"InputCommand",
                    "CommandNames":[  
                      "down"
                    ],
                    "Duration":10
                  },
                  {  
                    "ConditionType":"CumulativeInputCommand",
                    "CommandNames":[  
                      "right",
                      "left"
                    ],
                    "Duration":60,
                    "StoreValueInVariableName":"<hab_phase_variable_name>"
                  }
                ],
                "State":[  
                  {  
                    "_comment":"Left",
                    "StateType":"DisplayImage",
                    "File":"C:\\Users\\admin\\AppData\\LocalLow\\iKids\\iKids_Newborn_Cognitive_Unity\\Stimuli\\<left_filename>",
                    "X":124,
                    "Y":64,
                    "Width":600,
                    "Height":934
                  },
                  {  
                    "_comment":"Right",
                    "StateType":"DisplayImage",
                    "File":"C:\\Users\\admin\\AppData\\LocalLow\\iKids\\iKids_Newborn_Cognitive_Unity\\Stimuli\\<right_filename>",
                    "X":1253,
                    "Y":67,
                    "Width":600,
                    "Height":934
                  },
                  {  
                    "_comment":"Center",
                    "StateType":"DisplayImage",
                    "File":"C:\\Users\\admin\\AppData\\LocalLow\\iKids\\iKids_Newborn_Cognitive_Unity\\Stimuli\\blank.png",
                    "X":799,
                    "Y":654,
                    "Width":357,
                    "Height":343
                  }
                ]
              }
            }
          ]
        }
      },
      {  
        "_comment":"Test Phase Repeated",
        "RepeatedEvent":{  
          "SubstitutionParameters":[  
            {  
              "ParameterSubstitutionString":"<left_filename>",
              "ParameterValues":[  
                "cross.png",
                "checkerboard.png"
              ]
            },
            {  
              "ParameterSubstitutionString":"<right_filename>",
              "ParameterValues":[  
                "checkerboard.png",
                "cross.png"
              ]
            },
            {  
              "ParameterSubstitutionString":"<attention_grabber_0_filename>",
              "ParameterValues":[  
                "att_image2_1.png",
                "att_image3_1.png"
              ]
            },
            {  
              "ParameterSubstitutionString":"<attention_grabber_1_filename>",
              "ParameterValues":[  
                "att_image2_2.png",
                "att_image3_2.png"
              ]
            },
            {  
              "ParameterSubstitutionString":"<audio_filename>",
              "ParameterValues":[  
                "02HeyCutie.wav",
                "03SweetiePie.wav"
              ]
            },
            {  
              "ParameterSubstitutionString":"<test_pre_attention_image>",
              "ParameterValues":[  
                "B1TA.png",
                "B1TB.png"
              ]
            }
          ],
          "ConditionalEventTemplates":[  
            {  
              "_comment":"Test Phase - Pre-Attention Grabber Bright Colored Box",
              "ConditionalEvent":{  
                "EndConditions":[  
                  {  
                    "ConditionType":"Timeout",
                    "Duration":1
                  }
                ],
                "State":[  
                  {  
                    "_comment":"Left",
                    "StateType":"DisplayImage",
                    "File":"C:\\Users\\admin\\AppData\\LocalLow\\iKids\\iKids_Newborn_Cognitive_Unity\\Stimuli\\blank.png",
                    "X":124,
                    "Y":64,
                    "Width":600,
                    "Height":934
                  },
                  {  
                    "_comment":"Right",
                    "StateType":"DisplayImage",
                    "File":"C:\\Users\\admin\\AppData\\LocalLow\\iKids\\iKids_Newborn_Cognitive_Unity\\Stimuli\\blank.png",
                    "X":1253,
                    "Y":67,
                    "Width":600,
                    "Height":934
                  },
                  {  
                    "_comment":"Center - Bright Colored Box",
                    "StateType":"DisplayImage",
                    "File":"C:\\Users\\admin\\AppData\\LocalLow\\iKids\\iKids_Newborn_Cognitive_Unity\\Stimuli\\<test_pre_attention_image>",
                    "X":799,
                    "Y":654,
                    "Width":357,
                    "Height":343
                  }
                ]
              }
            },
            {  
              "_comment":"Test Phase - Attention Grabber",
              "ConditionalEvent":{  
                "EndConditions":[  
                  {  
                    "ConditionType":"InputCommand",
                    "CommandNames":[  
                      "up"
                    ],
                    "Duration":2
                  }
                ],
                "State":[  
                  {  
                    "_comment":"Left",
                    "StateType":"DisplayImage",
                    "File":"C:\\Users\\admin\\AppData\\LocalLow\\iKids\\iKids_Newborn_Cognitive_Unity\\Stimuli\\blank.png",
                    "X":124,
                    "Y":64,
                    "Width":600,
                    "Height":934
                  },
                  {  
                    "_comment":"Right",
                    "StateType":"DisplayImage",
                    "File":"C:\\Users\\admin\\AppData\\LocalLow\\iKids\\iKids_Newborn_Cognitive_Unity\\Stimuli\\blank.png",
                    "X":1253,
                    "Y":67,
                    "Width":600,
                    "Height":934
                  },
                  {  
                    "_comment":"Center - Attention Grabber Image",
                    "StateType":"MultiImageAnimation",
                    "Files":[  
                      "C:\\Users\\admin\\AppData\\LocalLow\\iKids\\iKids_Newborn_Cognitive_Unity\\Stimuli\\<attention_grabber_0_filename>",
                      "C:\\Users\\admin\\AppData\\LocalLow\\iKids\\iKids_Newborn_Cognitive_Unity\\Stimuli\\<attention_grabber_1_filename>"
                    ],
                    "X":799,
                    "Y":654,
                    "Width":357,
                    "Height":343,
                    "TimePerImage":1,
                    "Loop":true
                  },
                  {  
                    "StateType":"PlaySound",
                    "File":"C:\\Users\\admin\\AppData\\LocalLow\\iKids\\iKids_Newborn_Cognitive_Unity\\Stimuli\\<audio_filename>",
                    "Loop":"true"
                  }
                ]
              }
            },
            {  
              "_comment":"Test Phase - Test Stimulus",
              "ConditionalEvent":{  
                "EndConditions":[  
                  {  
                    "ConditionType":"InputCommand",
                    "CommandNames":[  
                      "down"
                    ],
                    "Duration":10,
                    "TransitionToRelativeIndex":-1
                  },
                  {  
                    "ConditionType":"CumulativeInputCommand",
                    "CommandNames":[  
                      "right",
                      "left"
                    ],
                    "Duration":2
                  }
                ],
                "State":[  
                  {  
                    "_comment":"Left",
                    "StateType":"DisplayImage",
                    "File":"C:\\Users\\admin\\AppData\\LocalLow\\iKids\\iKids_Newborn_Cognitive_Unity\\Stimuli\\<left_filename>",
                    "X":124,
                    "Y":64,
                    "Width":600,
                    "Height":934
                  },
                  {  
                    "_comment":"Right",
                    "StateType":"DisplayImage",
                    "File":"C:\\Users\\admin\\AppData\\LocalLow\\iKids\\iKids_Newborn_Cognitive_Unity\\Stimuli\\<right_filename>",
                    "X":1253,
                    "Y":67,
                    "Width":600,
                    "Height":934
                  },
                  {  
                    "_comment":"Center",
                    "StateType":"DisplayImage",
                    "File":"C:\\Users\\admin\\AppData\\LocalLow\\iKids\\iKids_Newborn_Cognitive_Unity\\Stimuli\\blank.png",
                    "X":799,
                    "Y":654,
                    "Width":357,
                    "Height":343
                  },
                  {  
                    "StateType":"DisableGlobalPause"
                  }
                ]
              }
            },
            {  
              "_comment":"Test Phase - Forced Looking Period",
              "ConditionalEvent":{  
                "EndConditions":[  
                  {  
                    "ConditionType":"Timeout",
                    "Duration":18
                  }
                ],
                "State":[  
                  {  
                    "_comment":"Left",
                    "StateType":"DisplayImage",
                    "File":"C:\\Users\\admin\\AppData\\LocalLow\\iKids\\iKids_Newborn_Cognitive_Unity\\Stimuli\\<left_filename>",
                    "X":124,
                    "Y":64,
                    "Width":600,
                    "Height":934
                  },
                  {  
                    "_comment":"Right",
                    "StateType":"DisplayImage",
                    "File":"C:\\Users\\admin\\AppData\\LocalLow\\iKids\\iKids_Newborn_Cognitive_Unity\\Stimuli\\<right_filename>",
                    "X":1253,
                    "Y":67,
                    "Width":600,
                    "Height":934
                  },
                  {  
                    "_comment":"Center",
                    "StateType":"DisplayImage",
                    "File":"C:\\Users\\admin\\AppData\\LocalLow\\iKids\\iKids_Newborn_Cognitive_Unity\\Stimuli\\blank.png",
                    "X":799,
                    "Y":654,
                    "Width":357,
                    "Height":343
                  }
                ]
              }
            }
          ]
        }
      },  
      {  
        "_comment":"Calibration Phase Repeated",
        "RepeatedEvent":{  
          "SubstitutionParameters":[  
            {  
              "ParameterSubstitutionString":"<left_filename_0>",
              "ParameterValues":[  
                "child.png",
                "blank.png"
              ]
            },
            {  
              "ParameterSubstitutionString":"<right_filename_0>",
              "ParameterValues":[  
                "blank.png",
                "child.png"
              ]
            },
            {  
              "ParameterSubstitutionString":"<left_filename_1>",
              "ParameterValues":[  
                "salmon.png",
                "blank.png"
              ]
            },
            {  
              "ParameterSubstitutionString":"<right_filename_1>",
              "ParameterValues":[  
                "blank.png",
                "salmon.png"
              ]
            },
            {  
              "ParameterSubstitutionString":"<attention_grabber_0_filename>",
              "ParameterValues":[  
                "att_image0_1.png",
                "att_image1_1.png"
              ]
            },
            {  
              "ParameterSubstitutionString":"<attention_grabber_1_filename>",
              "ParameterValues":[  
                "att_image0_2.png",
                "att_image1_2.png"
              ]
            },
            {  
              "ParameterSubstitutionString":"<audio_filename>",
              "ParameterValues":[  
                "00BabyLook.wav",
                "01Cuckoo.wav"
              ]
            },
            {  
              "ParameterSubstitutionString":"<calibration_command_direction>",
              "ParameterValues":[  
                "left",
                "right"
              ]
            },
          ],
          "ConditionalEventTemplates":[  
            {  
              "_comment":"Calibration Phase - Pre-Attention Grabber Bright Colored Box",
              "ConditionalEvent":{  
                "EndConditions":[  
                  {  
                    "ConditionType":"Timeout",
                    "Duration":1
                  }
                ],
                "State":[  
                  {  
                    "_comment":"Left",
                    "StateType":"DisplayImage",
                    "File":"C:\\Users\\admin\\AppData\\LocalLow\\iKids\\iKids_Newborn_Cognitive_Unity\\Stimuli\\blank.png",
                    "X":124,
                    "Y":64,
                    "Width":600,
                    "Height":934
                  },
                  {  
                    "_comment":"Right",
                    "StateType":"DisplayImage",
                    "File":"C:\\Users\\admin\\AppData\\LocalLow\\iKids\\iKids_Newborn_Cognitive_Unity\\Stimuli\\blank.png",
                    "X":1253,
                    "Y":67,
                    "Width":600,
                    "Height":934
                  },
                  {  
                    "_comment":"Center - Bright Colored Box",
                    "StateType":"DisplayImage",
                    "File":"C:\\Users\\admin\\AppData\\LocalLow\\iKids\\iKids_Newborn_Cognitive_Unity\\Stimuli\\B2C.png",
                    "X":799,
                    "Y":654,
                    "Width":357,
                    "Height":343
                  }
                ]
              }
            },
            {  
              "_comment":"Calibration Phase - Attention Grabber",
              "ConditionalEvent":{  
                "EndConditions":[  
                  {  
                    "ConditionType":"InputCommand",
                    "CommandNames":[  
                      "up"
                    ],
                    "Duration":2
                  }
                ],
                "State":[  
                  {  
                    "_comment":"Left",
                    "StateType":"DisplayImage",
                    "File":"C:\\Users\\admin\\AppData\\LocalLow\\iKids\\iKids_Newborn_Cognitive_Unity\\Stimuli\\blank.png",
                    "X":124,
                    "Y":64,
                    "Width":600,
                    "Height":934
                  },
                  {  
                    "_comment":"Right",
                    "StateType":"DisplayImage",
                    "File":"C:\\Users\\admin\\AppData\\LocalLow\\iKids\\iKids_Newborn_Cognitive_Unity\\Stimuli\\blank.png",
                    "X":1253,
                    "Y":67,
                    "Width":600,
                    "Height":934
                  },
                  {  
                    "_comment":"Center - Attention Grabber Image",
                    "StateType":"MultiImageAnimation",
                    "Files":[  
                      "C:\\Users\\admin\\AppData\\LocalLow\\iKids\\iKids_Newborn_Cognitive_Unity\\Stimuli\\<attention_grabber_0_filename>",
                      "C:\\Users\\admin\\AppData\\LocalLow\\iKids\\iKids_Newborn_Cognitive_Unity\\Stimuli\\<attention_grabber_1_filename>"
                    ],
                    "X":799,
                    "Y":654,
                    "Width":357,
                    "Height":343,
                    "TimePerImage":1,
                    "Loop":true
                  },
                  {  
                    "StateType":"PlaySound",
                    "File":"C:\\Users\\admin\\AppData\\LocalLow\\iKids\\iKids_Newborn_Cognitive_Unity\\Stimuli\\<audio_filename>",
                    "Loop":"true"
                  }
                ]
              }
            },
            {  
              "_comment":"Calibration Phase - Habituation Stimulus",
              "ConditionalEvent":{  
                "EndConditions":[  
                  {  
                    "ConditionType":"CumulativeInputCommand",
                    "CommandNames":[  
                      "<calibration_command_direction>"
                    ],
                    "Duration":3
                  }
                ],
                "State":[  
                  {  
                    "_comment":"Left - Attention Grabber Image",
                    "StateType":"MultiImageAnimation",
                    "Files":[  
                      "C:\\Users\\admin\\AppData\\LocalLow\\iKids\\iKids_Newborn_Cognitive_Unity\\Stimuli\\<left_filename_0>",
                      "C:\\Users\\admin\\AppData\\LocalLow\\iKids\\iKids_Newborn_Cognitive_Unity\\Stimuli\\<left_filename_1>"
                    ],
                    "X":124,
                    "Y":64,
                    "Width":600,
                    "Height":934,
                    "TimePerImage":1,
                    "Loop":true
                  },
                  {  
                    "_comment":"Right - Attention Grabber Image",
                    "StateType":"MultiImageAnimation",
                    "Files":[  
                      "C:\\Users\\admin\\AppData\\LocalLow\\iKids\\iKids_Newborn_Cognitive_Unity\\Stimuli\\<right_filename_0>",
                      "C:\\Users\\admin\\AppData\\LocalLow\\iKids\\iKids_Newborn_Cognitive_Unity\\Stimuli\\<right_filename_1>"
                    ],
                    "X":1253,
                    "Y":67,
                    "Width":600,
                    "Height":934,
                    "TimePerImage":1,
                    "Loop":true
                  },
                  {  
                    "_comment":"Center",
                    "StateType":"DisplayImage",
                    "File":"C:\\Users\\admin\\AppData\\LocalLow\\iKids\\iKids_Newborn_Cognitive_Unity\\Stimuli\\blank.png",
                    "X":799,
                    "Y":654,
                    "Width":357,
                    "Height":343
                  }
                ]
              }
            }
          ]
        }
      },
      {  
        "_comment":"Habituation Phase Repeated",
        "RepeatedEvent":{  
          "SubstitutionParameters":[  
            {  
              "ParameterSubstitutionString":"<left_filename>",
              "ParameterValues":[  
                "child.png",
                "child.png",
                "child.png",
                "child.png",
                "child.png",
                "child.png",
                "child.png",
                "child.png",
                "child.png"
              ]
            },
            {  
              "ParameterSubstitutionString":"<right_filename>",
              "ParameterValues":[  
                "child.png",
                "child.png",
                "child.png",
                "child.png",
                "child.png",
                "child.png",
                "child.png",
                "child.png",
                "child.png"
              ]
            },
            {  
              "ParameterSubstitutionString":"<attention_grabber_0_filename>",
              "ParameterValues":[  
                "att_image2_1.png",
                "att_image3_1.png",
                "att_image4_1.png",
                "att_image5_1.png",
                "att_image6_1.png",
                "att_image7_1.png",
                "att_image8_1.png",
                "att_image0_1.png",
                "att_image1_1.png"
              ]
            },
            {  
              "ParameterSubstitutionString":"<attention_grabber_1_filename>",
              "ParameterValues":[  
                "att_image2_2.png",
                "att_image3_2.png",
                "att_image4_2.png",
                "att_image5_2.png",
                "att_image6_2.png",
                "att_image7_2.png",
                "att_image8_2.png",
                "att_image0_2.png",
                "att_image1_2.png"
              ]
            },
            {  
              "ParameterSubstitutionString":"<audio_filename>",
              "ParameterValues":[  
                "02HeyCutie.wav",
                "03SweetiePie.wav",
                "04UpAndDown.wav",
                "05PeekAboo.wav",
                "06LookKiddo.wav",
                "07KittyCat.wav",
                "08TickTock.wav",
                "00BabyLook.wav",
                "01Cuckoo.wav"
              ]
            },
            {  
              "ParameterSubstitutionString":"<hab_phase_variable_name>",
              "ParameterValues":[  
                "habPhase0",
                "habPhase1",
                "habPhase2",
                "habPhase3",
                "habPhase4",
                "habPhase5",
                "habPhase6",
                "habPhase7",
                "habPhase8"
              ]
            },
            {  
              "ParameterSubstitutionString":"<hab_expression_condition_expression>",
              "ParameterValues":[  
                "false",
                "false",
                "false",
                "(((habPhase1+habPhase2+habPhase3)/3)<(((habPhase0+habPhase1+habPhase2)/3)/2)) or ((habPhase1<6) and (habPhase2<6) and (habPhase3<6))",
                "(((habPhase2+habPhase3+habPhase4)/3)<(((habPhase0+habPhase1+habPhase2)/3)/2)) or ((habPhase2<6) and (habPhase3<6) and (habPhase4<6))",
                "(((habPhase3+habPhase4+habPhase5)/3)<(((habPhase0+habPhase1+habPhase2)/3)/2)) or ((habPhase3<6) and (habPhase4<6) and (habPhase5<6))",
                "(((habPhase4+habPhase5+habPhase6)/3)<(((habPhase0+habPhase1+habPhase2)/3)/2)) or ((habPhase4<6) and (habPhase5<6) and (habPhase6<6))",
                "(((habPhase5+habPhase6+habPhase7)/3)<(((habPhase0+habPhase1+habPhase2)/3)/2)) or ((habPhase5<6) and (habPhase6<6) and (habPhase7<6))",
                "(((habPhase6+habPhase7+habPhase8)/3)<(((habPhase0+habPhase1+habPhase2)/3)/2)) or ((habPhase6<6) and (habPhase7<6) and (habPhase8<6))"
              ]
            }
          ],
          "ConditionalEventTemplates":[  
            {  
              "_comment":"Habituation Phase - Pre-Attention Grabber Bright Colored Box",
              "ConditionalEvent":{  
                "EndConditions":[  
                  {  
                    "ConditionType":"Timeout",
                    "Duration":1
                  },
                  {  
                    "ConditionType":"ExpressionCondition",
                    "Expression":"<hab_expression_condition_expression>",
                    "TransitionToIndex":74,
                    "NotificationText":"Habituation Aborted",
                    "_comment":"Index 74 is currently the first test trial for the second block."
                  }
                ],
                "State":[  
                  {  
                    "_comment":"Left",
                    "StateType":"DisplayImage",
                    "File":"C:\\Users\\admin\\AppData\\LocalLow\\iKids\\iKids_Newborn_Cognitive_Unity\\Stimuli\\blank.png",
                    "X":124,
                    "Y":64,
                    "Width":600,
                    "Height":934
                  },
                  {  
                    "_comment":"Right",
                    "StateType":"DisplayImage",
                    "File":"C:\\Users\\admin\\AppData\\LocalLow\\iKids\\iKids_Newborn_Cognitive_Unity\\Stimuli\\blank.png",
                    "X":1253,
                    "Y":67,
                    "Width":600,
                    "Height":934
                  },
                  {  
                    "_comment":"Center - Bright Colored Box",
                    "StateType":"DisplayImage",
                    "File":"C:\\Users\\admin\\AppData\\LocalLow\\iKids\\iKids_Newborn_Cognitive_Unity\\Stimuli\\B2H.png",
                    "X":799,
                    "Y":654,
                    "Width":357,
                    "Height":343
                  }
                ]
              }
            },
            {  
              "_comment":"Habituation Phase - Attention Grabber",
              "ConditionalEvent":{  
                "EndConditions":[  
                  {  
                    "ConditionType":"InputCommand",
                    "CommandNames":[  
                      "up"
                    ],
                    "Duration":2
                  }
                ],
                "State":[  
                  {  
                    "_comment":"Left",
                    "StateType":"DisplayImage",
                    "File":"C:\\Users\\admin\\AppData\\LocalLow\\iKids\\iKids_Newborn_Cognitive_Unity\\Stimuli\\blank.png",
                    "X":124,
                    "Y":64,
                    "Width":600,
                    "Height":934
                  },
                  {  
                    "_comment":"Right",
                    "StateType":"DisplayImage",
                    "File":"C:\\Users\\admin\\AppData\\LocalLow\\iKids\\iKids_Newborn_Cognitive_Unity\\Stimuli\\blank.png",
                    "X":1253,
                    "Y":67,
                    "Width":600,
                    "Height":934
                  },
                  {  
                    "_comment":"Center - Attention Grabber Image",
                    "StateType":"MultiImageAnimation",
                    "Files":[  
                      "C:\\Users\\admin\\AppData\\LocalLow\\iKids\\iKids_Newborn_Cognitive_Unity\\Stimuli\\<attention_grabber_0_filename>",
                      "C:\\Users\\admin\\AppData\\LocalLow\\iKids\\iKids_Newborn_Cognitive_Unity\\Stimuli\\<attention_grabber_1_filename>"
                    ],
                    "X":799,
                    "Y":654,
                    "Width":357,
                    "Height":343,
                    "TimePerImage":1,
                    "Loop":true
                  },
                  {  
                    "StateType":"PlaySound",
                    "File":"C:\\Users\\admin\\AppData\\LocalLow\\iKids\\iKids_Newborn_Cognitive_Unity\\Stimuli\\<audio_filename>",
                    "Loop":"true"
                  }
                ]
              }
            },
            {  
              "_comment":"Habituation Phase - Habituation Stimulus",
              "ConditionalEvent":{  
                "EndConditions":[  
                  {  
                    "ConditionType":"ChainCondition",
                    "Conditions":[  
                      {  
                        "ConditionType":"CumulativeInputCommand",
                        "CommandNames":[  
                          "right",
                          "left"
                        ],
                        "Duration":6
                      },
                      {  
                        "ConditionType":"InputCommand",
                        "CommandNames":[  
                          "down"
                        ],
                        "Duration":2
                      }
                    ]
                  },
                  {  
                    "ConditionType":"InputCommand",
                    "CommandNames":[  
                      "down"
                    ],
                    "Duration":10
                  },
                  {  
                    "ConditionType":"CumulativeInputCommand",
                    "CommandNames":[  
                      "right",
                      "left"
                    ],
                    "Duration":60,
                    "StoreValueInVariableName":"<hab_phase_variable_name>"
                  }
                ],
                "State":[  
                  {  
                    "_comment":"Left",
                    "StateType":"DisplayImage",
                    "File":"C:\\Users\\admin\\AppData\\LocalLow\\iKids\\iKids_Newborn_Cognitive_Unity\\Stimuli\\<left_filename>",
                    "X":124,
                    "Y":64,
                    "Width":600,
                    "Height":934
                  },
                  {  
                    "_comment":"Right",
                    "StateType":"DisplayImage",
                    "File":"C:\\Users\\admin\\AppData\\LocalLow\\iKids\\iKids_Newborn_Cognitive_Unity\\Stimuli\\<right_filename>",
                    "X":1253,
                    "Y":67,
                    "Width":600,
                    "Height":934
                  },
                  {  
                    "_comment":"Center",
                    "StateType":"DisplayImage",
                    "File":"C:\\Users\\admin\\AppData\\LocalLow\\iKids\\iKids_Newborn_Cognitive_Unity\\Stimuli\\blank.png",
                    "X":799,
                    "Y":654,
                    "Width":357,
                    "Height":343
                  }
                ]
              }
            }
          ]
        }
      },
      {  
        "_comment":"Test Phase Repeated",
        "RepeatedEvent":{  
          "SubstitutionParameters":[  
            {  
              "ParameterSubstitutionString":"<left_filename>",
              "ParameterValues":[  
                "child.png",
                "woman.png"
              ]
            },
            {  
              "ParameterSubstitutionString":"<right_filename>",
              "ParameterValues":[  
                "woman.png",
                "child.png"
              ]
            },
            {  
              "ParameterSubstitutionString":"<attention_grabber_0_filename>",
              "ParameterValues":[  
                "att_image2_1.png",
                "att_image3_1.png"
              ]
            },
            {  
              "ParameterSubstitutionString":"<attention_grabber_1_filename>",
              "ParameterValues":[  
                "att_image2_2.png",
                "att_image3_2.png"
              ]
            },
            {  
              "ParameterSubstitutionString":"<audio_filename>",
              "ParameterValues":[  
                "02HeyCutie.wav",
                "03SweetiePie.wav"
              ]
            },
            {  
              "ParameterSubstitutionString":"<test_pre_attention_image>",
              "ParameterValues":[  
                "B2TA.png",
                "B2TB.png"
              ]
            }
          ],
          "ConditionalEventTemplates":[  
            {  
              "_comment":"Test Phase - Pre-Attention Grabber Bright Colored Box",
              "ConditionalEvent":{  
                "EndConditions":[  
                  {  
                    "ConditionType":"Timeout",
                    "Duration":1
                  }
                ],
                "State":[  
                  {  
                    "_comment":"Left",
                    "StateType":"DisplayImage",
                    "File":"C:\\Users\\admin\\AppData\\LocalLow\\iKids\\iKids_Newborn_Cognitive_Unity\\Stimuli\\blank.png",
                    "X":124,
                    "Y":64,
                    "Width":600,
                    "Height":934
                  },
                  {  
                    "_comment":"Right",
                    "StateType":"DisplayImage",
                    "File":"C:\\Users\\admin\\AppData\\LocalLow\\iKids\\iKids_Newborn_Cognitive_Unity\\Stimuli\\blank.png",
                    "X":1253,
                    "Y":67,
                    "Width":600,
                    "Height":934
                  },
                  {  
                    "_comment":"Center - Bright Colored Box",
                    "StateType":"DisplayImage",
                    "File":"C:\\Users\\admin\\AppData\\LocalLow\\iKids\\iKids_Newborn_Cognitive_Unity\\Stimuli\\<test_pre_attention_image>",
                    "X":799,
                    "Y":654,
                    "Width":357,
                    "Height":343
                  }
                ]
              }
            },
            {  
              "_comment":"Test Phase - Attention Grabber",
              "ConditionalEvent":{  
                "EndConditions":[  
                  {  
                    "ConditionType":"InputCommand",
                    "CommandNames":[  
                      "up"
                    ],
                    "Duration":2
                  }
                ],
                "State":[  
                  {  
                    "_comment":"Left",
                    "StateType":"DisplayImage",
                    "File":"C:\\Users\\admin\\AppData\\LocalLow\\iKids\\iKids_Newborn_Cognitive_Unity\\Stimuli\\blank.png",
                    "X":124,
                    "Y":64,
                    "Width":600,
                    "Height":934
                  },
                  {  
                    "_comment":"Right",
                    "StateType":"DisplayImage",
                    "File":"C:\\Users\\admin\\AppData\\LocalLow\\iKids\\iKids_Newborn_Cognitive_Unity\\Stimuli\\blank.png",
                    "X":1253,
                    "Y":67,
                    "Width":600,
                    "Height":934
                  },
                  {  
                    "_comment":"Center - Attention Grabber Image",
                    "StateType":"MultiImageAnimation",
                    "Files":[  
                      "C:\\Users\\admin\\AppData\\LocalLow\\iKids\\iKids_Newborn_Cognitive_Unity\\Stimuli\\<attention_grabber_0_filename>",
                      "C:\\Users\\admin\\AppData\\LocalLow\\iKids\\iKids_Newborn_Cognitive_Unity\\Stimuli\\<attention_grabber_1_filename>"
                    ],
                    "X":799,
                    "Y":654,
                    "Width":357,
                    "Height":343,
                    "TimePerImage":1,
                    "Loop":true
                  },
                  {  
                    "StateType":"PlaySound",
                    "File":"C:\\Users\\admin\\AppData\\LocalLow\\iKids\\iKids_Newborn_Cognitive_Unity\\Stimuli\\<audio_filename>",
                    "Loop":"true"
                  }
                ]
              }
            },
            {  
              "_comment":"Test Phase - Test Stimulus",
              "ConditionalEvent":{  
                "EndConditions":[  
                  {  
                    "ConditionType":"InputCommand",
                    "CommandNames":[  
                      "down"
                    ],
                    "Duration":10,
                    "TransitionToRelativeIndex":-1
                  },
                  {  
                    "ConditionType":"CumulativeInputCommand",
                    "CommandNames":[  
                      "right",
                      "left"
                    ],
                    "Duration":2
                  }
                ],
                "State":[  
                  {  
                    "_comment":"Left",
                    "StateType":"DisplayImage",
                    "File":"C:\\Users\\admin\\AppData\\LocalLow\\iKids\\iKids_Newborn_Cognitive_Unity\\Stimuli\\<left_filename>",
                    "X":124,
                    "Y":64,
                    "Width":600,
                    "Height":934
                  },
                  {  
                    "_comment":"Right",
                    "StateType":"DisplayImage",
                    "File":"C:\\Users\\admin\\AppData\\LocalLow\\iKids\\iKids_Newborn_Cognitive_Unity\\Stimuli\\<right_filename>",
                    "X":1253,
                    "Y":67,
                    "Width":600,
                    "Height":934
                  },
                  {  
                    "_comment":"Center",
                    "StateType":"DisplayImage",
                    "File":"C:\\Users\\admin\\AppData\\LocalLow\\iKids\\iKids_Newborn_Cognitive_Unity\\Stimuli\\blank.png",
                    "X":799,
                    "Y":654,
                    "Width":357,
                    "Height":343
                  },
                  {  
                    "StateType":"DisableGlobalPause"
                  }
                ]
              }
            },
            {  
              "_comment":"Test Phase - Forced Looking Period",
              "ConditionalEvent":{  
                "EndConditions":[  
                  {  
                    "ConditionType":"Timeout",
                    "Duration":18
                  }
                ],
                "State":[  
                  {  
                    "_comment":"Left",
                    "StateType":"DisplayImage",
                    "File":"C:\\Users\\admin\\AppData\\LocalLow\\iKids\\iKids_Newborn_Cognitive_Unity\\Stimuli\\<left_filename>",
                    "X":124,
                    "Y":64,
                    "Width":600,
                    "Height":934
                  },
                  {  
                    "_comment":"Right",
                    "StateType":"DisplayImage",
                    "File":"C:\\Users\\admin\\AppData\\LocalLow\\iKids\\iKids_Newborn_Cognitive_Unity\\Stimuli\\<right_filename>",
                    "X":1253,
                    "Y":67,
                    "Width":600,
                    "Height":934
                  },
                  {  
                    "_comment":"Center",
                    "StateType":"DisplayImage",
                    "File":"C:\\Users\\admin\\AppData\\LocalLow\\iKids\\iKids_Newborn_Cognitive_Unity\\Stimuli\\blank.png",
                    "X":799,
                    "Y":654,
                    "Width":357,
                    "Height":343
                  }
                ]
              }
            }
          ]
        }
      }
    ]
  }
}