{
    "Conditions": {
		"ConditionLabels": ["Condition 1", "Condition 2", "Condition 3", "Condition 4", "Condition 5", "Condition 6", "Condition 7", "Condition 8"],
		"ConditionConfigurationFiles": ["Condition1TaskConfiguration.json", "Condition2TaskConfiguration.json", "Condition3TaskConfiguration.json", "Condition4TaskConfiguration.json", "Condition5TaskConfiguration.json", "Condition6TaskConfiguration.json", "Condition7TaskConfiguration.json", "Condition8TaskConfiguration.json"]
	}
	"Places": {
		"PlaceLabels": ["1. Block 1, Cal", "2. Block 1, Test 1", "3. Block 1, Test 2", "4. Block 2, Cal", "5. Block 2, Test 1", "6. Block 2, Test 2"],
		"PlaceStateIndicies": [0, 33, 37, 41, 74, 78]
	}